CREATE DATABASE  IF NOT EXISTS `goldapp` /*!40100 DEFAULT CHARACTER SET utf8mb4 COLLATE utf8mb4_0900_ai_ci */ /*!80016 DEFAULT ENCRYPTION='N' */;
USE `goldapp`;
-- MySQL dump 10.13  Distrib 8.0.27, for Win64 (x86_64)
--
-- Host: localhost    Database: goldapp
-- ------------------------------------------------------
-- Server version	8.0.27

DROP DATABASE goldapp;
CREATE DATABASE goldapp;
USE goldapp;



/*!40101 SET @OLD_CHARACTER_SET_CLIENT=@@CHARACTER_SET_CLIENT */;
/*!40101 SET @OLD_CHARACTER_SET_RESULTS=@@CHARACTER_SET_RESULTS */;
/*!40101 SET @OLD_COLLATION_CONNECTION=@@COLLATION_CONNECTION */;
/*!50503 SET NAMES utf8 */;
/*!40103 SET @OLD_TIME_ZONE=@@TIME_ZONE */;
/*!40103 SET TIME_ZONE='+00:00' */;
/*!40014 SET @OLD_UNIQUE_CHECKS=@@UNIQUE_CHECKS, UNIQUE_CHECKS=0 */;
/*!40014 SET @OLD_FOREIGN_KEY_CHECKS=@@FOREIGN_KEY_CHECKS, FOREIGN_KEY_CHECKS=0 */;
/*!40101 SET @OLD_SQL_MODE=@@SQL_MODE, SQL_MODE='NO_AUTO_VALUE_ON_ZERO' */;
/*!40111 SET @OLD_SQL_NOTES=@@SQL_NOTES, SQL_NOTES=0 */;

--
-- Table structure for table `daily_survey`
--

DROP TABLE IF EXISTS `daily_survey`;
/*!40101 SET @saved_cs_client     = @@character_set_client */;
/*!50503 SET character_set_client = utf8mb4 */;
CREATE TABLE `daily_survey` (
  `daily_survey_id` int NOT NULL AUTO_INCREMENT,
  `user_email` varchar(90) CHARACTER SET utf8 COLLATE utf8_esperanto_ci NOT NULL,
  `date` date NOT NULL,
  `answer_1` tinyint(1) NOT NULL,
  `answer_2` tinyint(1) NOT NULL,
  `answer_3` tinyint(1) NOT NULL,
  `free_text` varchar(300) CHARACTER SET utf8mb4 COLLATE utf8mb4_0900_ai_ci DEFAULT NULL,
  PRIMARY KEY (`daily_survey_id`),
  KEY `fk_user_email_idx` (`user_email`),
  CONSTRAINT `fk_user_email` FOREIGN KEY (`user_email`) REFERENCES `user` (`email`)
) ENGINE=InnoDB AUTO_INCREMENT=4 DEFAULT CHARSET=utf8mb3 COLLATE=utf8_bin;
/*!40101 SET character_set_client = @saved_cs_client */;

--
-- Dumping data for table `daily_survey`
--

LOCK TABLES `daily_survey` WRITE;
/*!40000 ALTER TABLE `daily_survey` DISABLE KEYS */;
INSERT INTO `daily_survey` VALUES (3,'liis@gmail.com','2022-05-16',1,2,3,'testing testing');
/*!40000 ALTER TABLE `daily_survey` ENABLE KEYS */;
UNLOCK TABLES;

--
-- Table structure for table `event`
--

DROP TABLE IF EXISTS `event`;
/*!40101 SET @saved_cs_client     = @@character_set_client */;
/*!50503 SET character_set_client = utf8mb4 */;
CREATE TABLE `event` (
  `event_id` int NOT NULL AUTO_INCREMENT,
  `name` varchar(90) CHARACTER SET utf8 COLLATE utf8_esperanto_ci NOT NULL,
  `address_line` varchar(75) CHARACTER SET utf8 COLLATE utf8_esperanto_ci NOT NULL,
  `city` varchar(70) CHARACTER SET utf8 COLLATE utf8_esperanto_ci NOT NULL,
  `zipcode` varchar(45) CHARACTER SET utf8 COLLATE utf8_esperanto_ci NOT NULL,
  `country` varchar(55) CHARACTER SET utf8 COLLATE utf8_esperanto_ci NOT NULL,
  `information` mediumtext CHARACTER SET utf8 COLLATE utf8_esperanto_ci NOT NULL,
  `interest_interest_id` int NOT NULL,
  `eventdate` date DEFAULT NULL,
  `eventtime` time DEFAULT NULL,
  `location_id` int DEFAULT NULL,
  PRIMARY KEY (`event_id`),
  KEY `fk_event_interest1_idx` (`interest_interest_id`),
  KEY `location_id` (`location_id`),
  CONSTRAINT `event_ibfk_1` FOREIGN KEY (`location_id`) REFERENCES `location` (`location_id`),
  CONSTRAINT `fk_event_interest1` FOREIGN KEY (`interest_interest_id`) REFERENCES `interest` (`interest_id`)
) ENGINE=InnoDB AUTO_INCREMENT=64 DEFAULT CHARSET=utf8mb3 COLLATE=utf8_esperanto_ci;
/*!40101 SET character_set_client = @saved_cs_client */;

--
-- Dumping data for table `event`
--

LOCK TABLES `event` WRITE;
/*!40000 ALTER TABLE `event` DISABLE KEYS */;
INSERT INTO `event` VALUES (1,'Baking Competition','Main St 50','Stockholm','11121','Sweden','Join us for one of a kind baking and culinary events for team building activities and other elderly events.',7,'2022-05-09','15:00:00',2),(2,'Chess Tournament','Allee 35','Stockholm','11121','Sweden','Nice day at the park for a chess. JOIN US! A chess tournament is a series of chess games played competitively to determine a winning individual or team.',4,'2022-08-16','13:00:00',2),(3,'Art Class with a Class of Wine','Edgarmar ST 100','Stockholm','11121','Sweden','Nice and cozy Saturday with some painting and wine. Come Join us!',5,'2022-09-03','14:00:00',2),(4,'Fishing Event','Hampton Banks Avenue 10','Stockholm','11121','Sweden','Fishing Event is a day long event themed around The Hunter\'s Call, focusing on fishing. ',1,'2022-06-10','12:00:00',2),(5,'Cooking with Goldies','Harrison Fairway 99','Stockholm','11121','Sweden','Cooking Activity Ideas for Seniors & the Elderly. The conversation and reminiscing generated by cooking activities draws on deep memories.',2,'2022-06-13','10:00:00',2),(6,'Theatre evening','Deepdale Willows 43','Stockholm','11121','Sweden','Come join us. \'Senior theatre\' is a form of drama designed specifically for older adults, where seniors are actively involved.',3,'2022-07-13','11:00:00',2),(7,'Meditation with Music','Drummond Acre street 25','Stockholm','11121','Sweden','Meditation for the Elderly - Most Relaxing Music for Tired Grandpa & Grandma, Soothing Sounds of Nature. Thomas Energy. Album',6,'2022-05-22','15:00:00',2),(8,'Hunting day','Darley Hill road 2','Stockholm','11121','Sweden','One of the keys to elk hunting for seniors is choosing a hunting area that has ample locations to set up blinds.',8,'2022-07-15','08:30:00',2),(9,'Walk the walk','Diamond End 1','Stockholm','11121','Sweden','Help keep your weight steady. Lower your risk of heart disease, stroke, colon cancer and diabetes. Strengthen your bones, and prevent osteoporosis and osteoarthritis (regular walking could halve the number of people over 45 who fracture their hip). Help reduce blood pressure in some people with hypertension.',9,'2022-09-01','12:00:00',2),(10,'Baking Competition','Diamond End 9','Karlstad','65217','Sweden','Join us for one of a kind baking and culinary events for team building activities and other elderly events.',7,'2022-05-09','15:00:00',7),(11,'Chess Tournament','Darley Hill road 2','Karlstad','65217','Sweden','Nice day at the park for a chess. JOIN US! A chess tournament is a series of chess games played competitively to determine a winning individual or team.',4,'2022-08-16','15:00:00',7),(12,'Art Class with a Class of Wine','Harrison Fairway 99','Karlstad','65217','Sweden','Nice and cozy Saturday with some painting and wine. Come Join us!',5,'2022-09-03','14:00:00',7),(13,'Fishing Event','Deepdale Willows 13','Karlstad','65217','Sweden','Fishing Event is a day long event themed around The Hunter\'s Call, focusing on fishing. ',1,'2022-06-10','14:00:00',7),(14,'Cooking with Goldies','Drummond Acre street 2','Karlstad','65217','Sweden','Cooking Activity Ideas for Seniors & the Elderly. The conversation and reminiscing generated by cooking activities draws on deep memories.',2,'2022-06-13','08:30:00',7),(15,'Theatre evening','Deepdale Willows 1','Karlstad','65217','Sweden','Come join us.\'Senior theatre\' is a form of drama designed specifically for older adults, where seniors are actively involved.',3,'2022-07-13','14:00:00',7),(16,'Meditation with Music','Allee 20','Karlstad','65217','Sweden','Meditation for the Elderly - Most Relaxing Music for Tired Grandpa & Grandma, Soothing Sounds of Nature. Thomas Energy. Album',6,'2022-05-22','13:00:00',7),(17,'Hunting day','Harrison Fairway 99','Karlstad','65217','Sweden','One of the keys to elk hunting for seniors is choosing a hunting area that has ample locations to set up blinds.',8,'2022-07-15','08:00:00',7),(18,'Walk the walk','Main St 9','Karlstad','65217','Sweden','Help keep your weight steady. Lower your risk of heart disease, stroke, colon cancer and diabetes. Strengthen your bones, and prevent osteoporosis and osteoarthritis (regular walking could halve the number of people over 45 who fracture their hip). Help reduce blood pressure in some people with hypertension.',9,'2022-09-01','12:00:00',7),(19,'Come Fishing','Essingekroken 10','Malmö','21114','Sweden','Fishing Event is a day long event themed around Best hat of the day, focusing on fishing.',1,'2022-06-15','08:00:00',1),(20,'Cooking Afternoon','Adelgatan 30a','Malmö','21114','Sweden','Cooking Activity Ideas for Seniors & the Elderly. The conversation and reminiscing generated by cooking activities draws on deep memories.',2,'2022-07-05','13:00:00',1),(21,'Movie evening for Goldies','Kungsportsavenyen 10','Malmö','21114','Sweden','We are watching: “Mrs Palfrey at the Claremont” – After she feels abandoned by her family in a retirement facility, an elderly lady strikes up a friendship with a young man. (2005 – Joan Plowright – Rupert Friend)',3,'2022-08-25','17:00:00',1),(22,'Chess chess chess','Andra långgatan 2','Malmö','21114','Sweden','Yes, chess is good for seniors. Several studies have shown that chess seems to prevent Alzheimer\'s. Chess simultaneously trains several part of the brain, keeping therefore memory and analytical thinking sharp.',4,'2022-07-15','11:00:00',1),(23,'Paint the day away','Vasagatan 32','Malmö','21114','Sweden','Did you know that crafting offers numerous benefits for older people? Being engaged in hands-on creative activities can improve motor skills, strengthen social connections, reduce stress, and alleviate anxiety. It can also be good for the brain. ',5,'2022-09-10','11:30:00',1),(24,'Lets make our own Music','Storgatan 22','Malmö','21114','Sweden','As we grow older, the benefits of music become increasingly significant to our quality of life.Make music & we tap into powerful tool to improve well-being. Join us for some fantastic and fun day!',6,'2022-08-13','10:00:00',1),(25,'Share your Baking skills','Deepdale Willows 13','Malmö','21114','Sweden','he idea is to bring people together and bake a variety of foods. Cakes, cookies, pastries, bread, and cupcakes could all be on the menu.',7,'2022-07-11','12:00:00',1),(26,'Hunting day','Kantorsvägen 81','Malmö','21114','Sweden','One of the keys to elk hunting for seniors is choosing a hunting area that has ample locations to set up blinds.',8,'2022-08-15','08:00:00',1),(27,'Take walks with us!','Västerviksgatan 6','Malmö','21114','Sweden','Join us as we Walk, Run, Ride to the Moon, our first virtual fitness event that combines personal fitness, charity, and elderly community.',9,'2022-07-01','09:00:00',1),(28,'Fishing Event','Nybyvägen 42','Kristianstad','29142','Sweden','Fishing Event is a day long event themed around Best hat of the day, focusing on fishing.',1,'2022-07-13','08:45:00',3),(29,'Cooking Afternoon','Alsteråvägen 50','Kristianstad','29142','Sweden','Cooking Activity Ideas for Seniors & the Elderly. The conversation and reminiscing generated by cooking activities draws on deep memories.',2,'2022-07-26','10:00:00',3),(30,'Theatre night','Kläppinge 63','Kristianstad','29142','Sweden','Come join us. \'Senior theatre\' is a form of drama designed specifically for older adults, where seniors are actively involved.',3,'2022-08-13','11:30:00',3),(31,'Chess Tournament','Morvall Färilavägen 99','Kristianstad','29142','Sweden','Nice day at the park for a chess. JOIN US! A chess tournament is a series of chess games played competitively to determine a winning individual or team.',4,'2022-07-07','09:00:00',3),(32,'Art Class with a Class of Wine','Alingsåsvägen 66','Kristianstad','29142','Sweden','Nice and cozy Saturday with some painting and wine. Come Join us!',5,'2022-09-28','09:00:00',3),(33,'Make our own music','Valldammsgatan 38','Kristianstad','29142','Sweden','As we grow older, the benefits of music become increasingly significant to our quality of life.Make music & we tap into powerful tool to improve well-being. Join us for some fantastic and fun day!',6,'2022-09-10','11:30:00',3),(34,'Muffin bake','Dyvik 90','Kristianstad','29142','Sweden','he idea is to bring people together and bake a variety of foods. Cakes, cookies, pastries, bread, and cupcakes could all be on the menu.',7,'2022-06-20','09:00:00',3),(35,'Hunting Day','Nittsjö Kvarngatu 76','Kristianstad','29142','Sweden','One of the keys to elk hunting for seniors is choosing a hunting area that has ample locations to set up blinds.',8,'2022-09-11','08:30:00',3),(36,'Walking together better','Syrengården 62','Kristianstad','29142','Sweden','Help keep your weight steady. Lower your risk of heart disease, stroke, colon cancer and diabetes. Strengthen your bones, and prevent osteoporosis and osteoarthritis (regular walking could halve the number of people over 45 who fracture their hip). Help reduce blood pressure in some people with hypertension.',9,'2022-07-15','11:00:00',3),(37,'Fishing for all','Nils Grises Sträte 43','Lund','22220','Sweden','Fishing Event is a day long event themed around Best hat of the day, focusing on fishing.',1,'2022-07-13','11:00:00',4),(38,'Today cooking: Lasagne','Nöjesgatan 65','Lund','22220','Sweden','Cooking Activity Ideas for Seniors & the Elderly. The conversation and reminiscing generated by cooking activities draws on deep memories.',2,'2022-07-15','14:00:00',4),(39,'Movie evening with goldies','Änggårda Anga 96','Lund','22220','Sweden','Come join us. \'Senior theatre\' is a form of drama designed specifically for older adults, where seniors are actively involved.',3,'2022-07-15','17:00:00',4),(40,'Chess at the park','Esplanadgatan 65','Lund','22220','Sweden','Nice day at the park for a chess. JOIN US! A chess tournament is a series of chess games played competitively to determine a winning individual or team.',4,'2022-07-13','11:00:00',4),(41,'Art museum tour','Åbyhöjden 66','Lund','22220','Sweden','Nice and cozy Saturday with art and friends. Come Join us!',5,'2022-07-15','11:00:00',4),(42,'Listen and relax','Hagaskog 80','Lund','22220','Sweden','As we grow older, the benefits of music become increasingly significant to our quality of life.Make music & we tap into powerful tool to improve well-being. Join us for some fantastic and fun day!',6,'2022-07-14','11:00:00',4),(43,'Baking red velvet cakes','Söråsele 59','Lund','22220','Sweden','he idea is to bring people together and bake a variety of foods. Cakes, cookies, pastries, bread, and cupcakes could all be on the menu.',7,'2022-07-15','11:00:00',4),(44,'Hunting Day','Ovansjövägen 84','Lund','22220','Sweden','One of the keys to elk hunting for seniors is choosing a hunting area that has ample locations to set up blinds.',8,'2022-07-16','08:30:00',4),(45,'Morning walk with after walk coffie','Anders Sadelmakares Gränd 7','Lund','22220','Sweden','Help keep your weight steady. Lower your risk of heart disease, stroke, colon cancer and diabetes. Strengthen your bones, and prevent osteoporosis and osteoarthritis (regular walking could halve the number of people over 45 who fracture their hip). Help reduce blood pressure in some people with hypertension.',9,'2022-07-15','11:00:00',4),(46,'Fishing for all','Nöjesgatan 65','Göteborg','40530','Sweden','Fishing Event is a day long event themed around Best hat of the day, focusing on fishing.',1,'2022-07-13','11:00:00',5),(47,'Fishing for all','Nöjesgatan 65','Uppsala','75220','Sweden','Fishing Event is a day long event themed around Best hat of the day, focusing on fishing.',1,'2022-07-13','11:00:00',6),(48,'Today cooking: Lasagne','Åbyhöjden 66','Göteborg','40530','Sweden','Cooking Activity Ideas for Seniors & the Elderly. The conversation and reminiscing generated by cooking activities draws on deep memories.',2,'2022-07-13','11:00:00',5),(49,'Today cooking: Lasagne','Åbyhöjden 66','Uppsala','75220','Sweden','Cooking Activity Ideas for Seniors & the Elderly. The conversation and reminiscing generated by cooking activities draws on deep memories.',2,'2022-07-13','11:00:00',6),(50,'Movie evening with goldies','Änggårda Anga 96','Göteborg','40530','Sweden','Come join us. \'Senior theatre\' is a form of drama designed specifically for older adults, where seniors are actively involved.',3,'2022-07-13','17:00:00',5),(51,'Movie evening with goldies','Änggårda Anga 96','Uppsala','75220','Sweden','Come join us. \'Senior theatre\' is a form of drama designed specifically for older adults, where seniors are actively involved.',3,'2022-07-13','17:00:00',6),(52,'Chess at the park','Nils Grises Sträte 43','Göteborg','40530','Sweden','Yes, chess is good for seniors. Several studies have shown that chess seems to prevent Alzheimer\'s. Chess simultaneously trains several part of the brain, keeping therefore memory and analytical thinking sharp.',4,'2022-07-13','11:00:00',5),(53,'Chess at the park','Nils Grises Sträte 43','Uppsala','75220','Sweden','Yes, chess is good for seniors. Several studies have shown that chess seems to prevent Alzheimer\'s. Chess simultaneously trains several part of the brain, keeping therefore memory and analytical thinking sharp.',4,'2022-07-13','11:00:00',6),(54,'Art museum tour','Alsteråvägen 50','Göteborg','40530','Sweden','Nice and cozy Saturday with art and friends. Come Join us!',5,'2022-07-13','11:00:00',5),(55,'Art museum tour','Alsteråvägen 50','Uppsala','75220','Sweden','Nice and cozy Saturday with art and friends. Come Join us!',5,'2022-07-13','11:00:00',6),(56,'Listen and relax','Anders Sadelmakares Gränd 7','Göteborg','40530','Sweden','As we grow older, the benefits of music become increasingly significant to our quality of life.Make music & we tap into powerful tool to improve well-being. Join us for some fantastic and fun day!',6,'2022-07-13','11:00:00',5),(57,'Listen and relax','Anders Sadelmakares Gränd 7','Uppsala','75220','Sweden','As we grow older, the benefits of music become increasingly significant to our quality of life.Make music & we tap into powerful tool to improve well-being. Join us for some fantastic and fun day!',6,'2022-07-13','11:00:00',6),(58,'Baking red velvet cakes','Åbyhöjden 66','Göteborg','40530','Sweden','he idea is to bring people together and bake a variety of foods. Cakes, cookies, pastries, bread, and cupcakes could all be on the menu.',7,'2022-07-13','11:00:00',5),(59,'Baking red velvet cakes','Åbyhöjden 66','Uppsala','75220','Sweden','he idea is to bring people together and bake a variety of foods. Cakes, cookies, pastries, bread, and cupcakes could all be on the menu.',7,'2022-07-13','11:00:00',6),(60,'Hunting Day','Syrengården 62','Göteborg','40530','Sweden','One of the keys to elk hunting for seniors is choosing a hunting area that has ample locations to set up blinds.',8,'2022-07-13','08:30:00',5),(61,'Hunting Day','Syrengården 62','Uppsala','75220','Sweden','One of the keys to elk hunting for seniors is choosing a hunting area that has ample locations to set up blinds.',8,'2022-07-13','08:30:00',6),(62,'Morning walk with after walk coffie','Alsteråvägen 50','Göteborg','40530','Sweden','Help keep your weight steady. Lower your risk of heart disease, stroke, colon cancer and diabetes. Strengthen your bones, and prevent osteoporosis and osteoarthritis (regular walking could halve the number of people over 45 who fracture their hip). Help reduce blood pressure in some people with hypertension.',9,'2022-07-13','11:00:00',5),(63,'Morning walk with after walk coffie','Alsteråvägen 50','Uppsala','75220','Sweden','Help keep your weight steady. Lower your risk of heart disease, stroke, colon cancer and diabetes. Strengthen your bones, and prevent osteoporosis and osteoarthritis (regular walking could halve the number of people over 45 who fracture their hip). Help reduce blood pressure in some people with hypertension.',9,'2022-07-13','11:00:00',6);
/*!40000 ALTER TABLE `event` ENABLE KEYS */;
UNLOCK TABLES;

--
-- Table structure for table `info`
--

DROP TABLE IF EXISTS `info`;
/*!40101 SET @saved_cs_client     = @@character_set_client */;
/*!50503 SET character_set_client = utf8mb4 */;
CREATE TABLE `info` (
  `info_id` int NOT NULL AUTO_INCREMENT,
  `heading` varchar(70) CHARACTER SET utf8 COLLATE utf8_esperanto_ci NOT NULL COMMENT 'Name or a heading',
  `phone` int NOT NULL,
  `type` varchar(45) CHARACTER SET utf8 COLLATE utf8_esperanto_ci NOT NULL,
  `category` enum('general','mentalHelp') CHARACTER SET utf8 COLLATE utf8_esperanto_ci NOT NULL COMMENT 'Only 2 types (mental health or just helpful such as volunteers information etc.)',
  `description` mediumtext CHARACTER SET utf8 COLLATE utf8_esperanto_ci NOT NULL,
  PRIMARY KEY (`info_id`),
  UNIQUE KEY `info_id_UNIQUE` (`info_id`)
) ENGINE=InnoDB DEFAULT CHARSET=utf8mb3 COLLATE=utf8_esperanto_ci;
/*!40101 SET character_set_client = @saved_cs_client */;

--
-- Dumping data for table `info`
--

LOCK TABLES `info` WRITE;
/*!40000 ALTER TABLE `info` DISABLE KEYS */;
/*!40000 ALTER TABLE `info` ENABLE KEYS */;
UNLOCK TABLES;

--
-- Table structure for table `interest`
--

DROP TABLE IF EXISTS `interest`;
/*!40101 SET @saved_cs_client     = @@character_set_client */;
/*!50503 SET character_set_client = utf8mb4 */;
CREATE TABLE `interest` (
  `interest_id` int NOT NULL AUTO_INCREMENT,
  `interest` varchar(90) CHARACTER SET utf8 COLLATE utf8_esperanto_ci NOT NULL,
  `image_path` varchar(1024) CHARACTER SET utf8 COLLATE utf8_esperanto_ci DEFAULT NULL,
  PRIMARY KEY (`interest_id`),
  UNIQUE KEY `interest_UNIQUE` (`interest`),
  UNIQUE KEY `interest_id_UNIQUE` (`interest_id`)
) ENGINE=InnoDB AUTO_INCREMENT=13 DEFAULT CHARSET=utf8mb3 COLLATE=utf8_esperanto_ci;
/*!40101 SET character_set_client = @saved_cs_client */;

--
-- Dumping data for table `interest`
--

LOCK TABLES `interest` WRITE;
/*!40000 ALTER TABLE `interest` DISABLE KEYS */;
INSERT INTO `interest` VALUES (1,'Fishing','\\fishing.jpg'),(2,'Cooking','cooking.jpg'),(3,'Cinema/Theater','cinema.jpg'),(4,'Chess','chess.jpg'),(5,'Art','art.jpg'),(6,'Music','music.jpg'),(7,'Baking','baking.jpg'),(8,'Hunting','hunting.jpg'),(9,'Taking walks','walk.jpg');
/*!40000 ALTER TABLE `interest` ENABLE KEYS */;
UNLOCK TABLES;

--
-- Table structure for table `location`
--

DROP TABLE IF EXISTS `location`;
/*!40101 SET @saved_cs_client     = @@character_set_client */;
/*!50503 SET character_set_client = utf8mb4 */;
CREATE TABLE `location` (
  `location_id` int NOT NULL AUTO_INCREMENT,
  `place` varchar(100) CHARACTER SET utf8 COLLATE utf8_esperanto_ci NOT NULL,
  PRIMARY KEY (`location_id`)
) ENGINE=InnoDB AUTO_INCREMENT=8 DEFAULT CHARSET=utf8mb3 COLLATE=utf8_esperanto_ci;
/*!40101 SET character_set_client = @saved_cs_client */;

--
-- Dumping data for table `location`
--

LOCK TABLES `location` WRITE;
/*!40000 ALTER TABLE `location` DISABLE KEYS */;
INSERT INTO `location` VALUES (1,'Malmö'),(2,'Stockholm'),(3,'Kristianstad'),(4,'Lund'),(5,'Göteborg'),(6,'Uppsala'),(7,'Karlstad');
/*!40000 ALTER TABLE `location` ENABLE KEYS */;
UNLOCK TABLES;

--
-- Table structure for table `location_has_info`
--

DROP TABLE IF EXISTS `location_has_info`;
/*!40101 SET @saved_cs_client     = @@character_set_client */;
/*!50503 SET character_set_client = utf8mb4 */;
CREATE TABLE `location_has_info` (
  `location_location_id` int NOT NULL,
  `info_info_id` int NOT NULL,
  PRIMARY KEY (`location_location_id`,`info_info_id`),
  KEY `fk_location_has_info_info1_idx` (`info_info_id`),
  KEY `fk_location_has_info_location1_idx` (`location_location_id`),
  CONSTRAINT `fk_location_has_info_info1` FOREIGN KEY (`info_info_id`) REFERENCES `info` (`info_id`),
  CONSTRAINT `fk_location_has_info_location1` FOREIGN KEY (`location_location_id`) REFERENCES `location` (`location_id`)
) ENGINE=InnoDB DEFAULT CHARSET=utf8mb3 COLLATE=utf8_esperanto_ci;
/*!40101 SET character_set_client = @saved_cs_client */;

--
-- Dumping data for table `location_has_info`
--

LOCK TABLES `location_has_info` WRITE;
/*!40000 ALTER TABLE `location_has_info` DISABLE KEYS */;
/*!40000 ALTER TABLE `location_has_info` ENABLE KEYS */;
UNLOCK TABLES;

--
-- Table structure for table `user`
--

DROP TABLE IF EXISTS `user`;
/*!40101 SET @saved_cs_client     = @@character_set_client */;
/*!50503 SET character_set_client = utf8mb4 */;
CREATE TABLE `user` (
  `email` varchar(90) CHARACTER SET utf8 COLLATE utf8_esperanto_ci NOT NULL,
  `fname` varchar(30) CHARACTER SET utf8 COLLATE utf8_esperanto_ci NOT NULL,
  `lname` varchar(30) CHARACTER SET utf8 COLLATE utf8_esperanto_ci DEFAULT NULL,
  `username` varchar(45) CHARACTER SET utf8 COLLATE utf8_esperanto_ci DEFAULT NULL,
  `pwd` varchar(120) CHARACTER SET utf8 COLLATE utf8_esperanto_ci NOT NULL,
  `phone` int DEFAULT NULL,
  `facebook_connect` varchar(45) CHARACTER SET utf8 COLLATE utf8_esperanto_ci DEFAULT NULL,
  `location_location_id` int DEFAULT NULL,
  PRIMARY KEY (`email`),
  UNIQUE KEY `email_UNIQUE` (`email`),
  UNIQUE KEY `username_UNIQUE` (`username`),
  UNIQUE KEY `facebook_connect_UNIQUE` (`facebook_connect`),
  KEY `fk_user_location1_idx` (`location_location_id`),
  CONSTRAINT `fk_user_location1` FOREIGN KEY (`location_location_id`) REFERENCES `location` (`location_id`)
) ENGINE=InnoDB DEFAULT CHARSET=utf8mb3 COLLATE=utf8_esperanto_ci;
/*!40101 SET character_set_client = @saved_cs_client */;

--
-- Dumping data for table `user`
--

LOCK TABLES `user` WRITE;
/*!40000 ALTER TABLE `user` DISABLE KEYS */;
INSERT INTO `user` VALUES ('example@gmail.com','first','last',NULL,'gAAAAABiamwmZQTndgruoTKynqxMlupWEZNnX325vZ4lUqxGyX29PlffwQSA1YqGs3D9vTBqG1h_6aFjmuuDaHyTaezUIQFDNw==',10101010,NULL,2),('liis@gmail.com','LIIS','U',NULL,'gAAAAABico6RvWtjb4jAuhJvmntDpbI3VXYKikHED9WGjkmNhtwlAsCBsrtXL-qwHm1kBdcIycR-I9gUKpmjPqJ_hlFKEfdXeA==',123,NULL,2);
/*!40000 ALTER TABLE `user` ENABLE KEYS */;
UNLOCK TABLES;

--
-- Table structure for table `user_has_interest`
--

DROP TABLE IF EXISTS `user_has_interest`;
/*!40101 SET @saved_cs_client     = @@character_set_client */;
/*!50503 SET character_set_client = utf8mb4 */;
CREATE TABLE `user_has_interest` (
  `interest_interest_id` int NOT NULL,
  `user_email` varchar(90) CHARACTER SET utf8 COLLATE utf8_esperanto_ci NOT NULL,
  PRIMARY KEY (`interest_interest_id`,`user_email`),
  KEY `fk_user_has_interest_interest1_idx` (`interest_interest_id`),
  KEY `fk_user_has_interest_user1_idx1` (`user_email`),
  CONSTRAINT `fk_user_has_interest_interest1` FOREIGN KEY (`interest_interest_id`) REFERENCES `interest` (`interest_id`),
  CONSTRAINT `fk_user_has_interest_user1` FOREIGN KEY (`user_email`) REFERENCES `user` (`email`) ON DELETE CASCADE
) ENGINE=InnoDB DEFAULT CHARSET=utf8mb3 COLLATE=utf8_esperanto_ci;
/*!40101 SET character_set_client = @saved_cs_client */;

--
-- Dumping data for table `user_has_interest`
--

LOCK TABLES `user_has_interest` WRITE;
/*!40000 ALTER TABLE `user_has_interest` DISABLE KEYS */;
INSERT INTO `user_has_interest` VALUES (1,'example@gmail.com'),(1,'liis@gmail.com'),(2,'example@gmail.com'),(2,'liis@gmail.com'),(3,'example@gmail.com'),(3,'liis@gmail.com'),(4,'example@gmail.com'),(5,'example@gmail.com'),(6,'example@gmail.com'),(6,'liis@gmail.com'),(7,'example@gmail.com'),(8,'example@gmail.com'),(9,'example@gmail.com'),(9,'liis@gmail.com');
/*!40000 ALTER TABLE `user_has_interest` ENABLE KEYS */;
UNLOCK TABLES;
/*!40103 SET TIME_ZONE=@OLD_TIME_ZONE */;

/*!40101 SET SQL_MODE=@OLD_SQL_MODE */;
/*!40014 SET FOREIGN_KEY_CHECKS=@OLD_FOREIGN_KEY_CHECKS */;
/*!40014 SET UNIQUE_CHECKS=@OLD_UNIQUE_CHECKS */;
/*!40101 SET CHARACTER_SET_CLIENT=@OLD_CHARACTER_SET_CLIENT */;
/*!40101 SET CHARACTER_SET_RESULTS=@OLD_CHARACTER_SET_RESULTS */;
/*!40101 SET COLLATION_CONNECTION=@OLD_COLLATION_CONNECTION */;
/*!40111 SET SQL_NOTES=@OLD_SQL_NOTES */;

-- Dump completed on 2022-05-16 18:52:27
